CmteCode,Catorder
HADM,A01
HADM,A02
HADM,A04
HADM,A05
HADM,A06
HADM,A07
HADM,A10
HADM,C01
HADM,C02
HADM,C03
HADM,C04
HADM,C05
HADM,B01
HADM,B02
HADM,B09
HADM,B08
HADM,B12
HADM,B13
HADM,D03
HADM,D01
HADM,D02
HADM,E01
HADM,E04
HADM,E08
HADM,E10
HADM,F13
HADM,F03
HADM,F04
HADM,F05
HADM,F06
HADM,F07
HADM,F09
HADM,F10
HADM,F11
HADM,N00
HADM,A09
HADM,N01
HADM,N02
HADM,N03
HADM,N04
HADM,N05
HADM,N06
HADM,N07
HADM,H01
HADM,H02
HADM,H03
HADM,H04
HADM,W04
HADM,Q01
HADM,Q02
HADM,Q03
HADM,Q04
HADM,Q05
HADM,Q13
HADM,Q09
HADM,Q14
HADM,Q15
HADM,Q08
HADM,Q11
HADM,K01
HADM,K02
HADM,P05
HADM,P04
HADM,P01
HADM,P02
HADM,P03
HADM,N15
HADM,N13
HADM,N14
HADM,M01
HADM,M02
HADM,M03
HADM,M04
HADM,M05
HADM,N08
HADM,W06
HADM,W03
HADM,W02
HADM,W05
HADM,Q16
HAGR,A01
HAGR,A02
HAGR,A04
HAGR,A05
HAGR,A06
HAGR,A07
HAGR,A10
HAGR,C01
HAGR,C02
HAGR,C03
HAGR,C04
HAGR,C05
HAGR,B01
HAGR,B02
HAGR,B09
HAGR,B08
HAGR,B12
HAGR,B13
HAGR,D03
HAGR,D01
HAGR,D02
HAGR,E01
HAGR,E04
HAGR,E08
HAGR,E10
HAGR,F13
HAGR,F03
HAGR,F04
HAGR,F05
HAGR,F06
HAGR,F07
HAGR,F09
HAGR,F10
HAGR,F11
HAGR,N00
HAGR,A09
HAGR,N01
HAGR,N02
HAGR,N03
HAGR,N04
HAGR,N05
HAGR,N06
HAGR,N07
HAGR,H01
HAGR,H02
HAGR,H03
HAGR,H04
HAGR,W04
HAGR,Q01
HAGR,Q02
HAGR,Q03
HAGR,Q04
HAGR,Q05
HAGR,Q12
HAGR,Q13
HAGR,Q09
HAGR,Q14
HAGR,Q15
HAGR,Q08
HAGR,Q11
HAGR,K01
HAGR,K02
HAGR,P05
HAGR,P04
HAGR,P01
HAGR,P02
HAGR,P03
HAGR,N15
HAGR,N13
HAGR,N14
HAGR,N16
HAGR,M01
HAGR,M02
HAGR,M03
HAGR,M04
HAGR,M05
HAGR,N08
HAGR,W06
HAGR,W03
HAGR,W02
HAGR,W05
HAGR,Q16
HAPP,A01
HAPP,A02
HAPP,A04
HAPP,A05
HAPP,A06
HAPP,A07
HAPP,A10
HAPP,C01
HAPP,C02
HAPP,C03
HAPP,C04
HAPP,C05
HAPP,B01
HAPP,B02
HAPP,B09
HAPP,B08
HAPP,B12
HAPP,B13
HAPP,D03
HAPP,D01
HAPP,D02
HAPP,E01
HAPP,E04
HAPP,E08
HAPP,E10
HAPP,F13
HAPP,F03
HAPP,F04
HAPP,F05
HAPP,F06
HAPP,F07
HAPP,F09
HAPP,F10
HAPP,F11
HAPP,N00
HAPP,A09
HAPP,N01
HAPP,N02
HAPP,N03
HAPP,N04
HAPP,N05
HAPP,N06
HAPP,N07
HAPP,H01
HAPP,H02
HAPP,H03
HAPP,H04
HAPP,W04
HAPP,Q01
HAPP,Q02
HAPP,Q03
HAPP,Q04
HAPP,Q05
HAPP,Q12
HAPP,Q13
HAPP,Q09
HAPP,Q14
HAPP,Q15
HAPP,Q08
HAPP,Q11
HAPP,K01
HAPP,K02
HAPP,P05
HAPP,P04
HAPP,P01
HAPP,P02
HAPP,P03
HAPP,N15
HAPP,N13
HAPP,N14
HAPP,N16
HAPP,M01
HAPP,M02
HAPP,M03
HAPP,M04
HAPP,M05
HAPP,N08
HAPP,W06
HAPP,W03
HAPP,W02
HAPP,W05
HAPP,Q16
HARM,A01
HARM,A02
HARM,A04
HARM,A05
HARM,A06
HARM,A07
HARM,A10
HARM,C01
HARM,C02
HARM,C03
HARM,C04
HARM,C05
HARM,B01
HARM,B02
HARM,B09
HARM,B08
HARM,B12
HARM,B13
HARM,D03
HARM,D01
HARM,D02
HARM,E01
HARM,E04
HARM,E08
HARM,E10
HARM,F13
HARM,F03
HARM,F04
HARM,F05
HARM,F06
HARM,F07
HARM,F09
HARM,F10
HARM,F11
HARM,N00
HARM,A09
HARM,N01
HARM,N02
HARM,N03
HARM,N04
HARM,N05
HARM,N06
HARM,N07
HARM,H01
HARM,H02
HARM,H03
HARM,H04
HARM,W04
HARM,Q01
HARM,Q02
HARM,Q03
HARM,Q04
HARM,Q05
HARM,Q13
HARM,Q09
HARM,Q14
HARM,Q15
HARM,Q08
HARM,Q11
HARM,K01
HARM,K02
HARM,P05
HARM,P04
HARM,P01
HARM,P02
HARM,P03
HARM,N15
HARM,N13
HARM,N14
HARM,N16
HARM,M01
HARM,M02
HARM,M03
HARM,M04
HARM,M05
HARM,N08
HARM,W06
HARM,W03
HARM,W02
HARM,W05
HARM,Q16
HBUD,A01
HBUD,A02
HBUD,A04
HBUD,A05
HBUD,A06
HBUD,A07
HBUD,A10
HBUD,C01
HBUD,C02
HBUD,C03
HBUD,C04
HBUD,C05
HBUD,B01
HBUD,B02
HBUD,B09
HBUD,B08
HBUD,B12
HBUD,B13
HBUD,D03
HBUD,D01
HBUD,D02
HBUD,E01
HBUD,E04
HBUD,E08
HBUD,E10
HBUD,F13
HBUD,F03
HBUD,F04
HBUD,F05
HBUD,F06
HBUD,F07
HBUD,F09
HBUD,F10
HBUD,F11
HBUD,N00
HBUD,A09
HBUD,N01
HBUD,N02
HBUD,N03
HBUD,N04
HBUD,N05
HBUD,N06
HBUD,N07
HBUD,H01
HBUD,H02
HBUD,H03
HBUD,H04
HBUD,W04
HBUD,Q01
HBUD,Q02
HBUD,Q03
HBUD,Q04
HBUD,Q05
HBUD,Q12
HBUD,Q13
HBUD,Q09
HBUD,Q14
HBUD,Q15
HBUD,Q08
HBUD,Q11
HBUD,K01
HBUD,K02
HBUD,P05
HBUD,P04
HBUD,P01
HBUD,P02
HBUD,P03
HBUD,N15
HBUD,N13
HBUD,N14
HBUD,N16
HBUD,M01
HBUD,M02
HBUD,M03
HBUD,M04
HBUD,M05
HBUD,N08
HBUD,W06
HBUD,W03
HBUD,W02
HBUD,W05
HBUD,Q16
HEDU,A01
HEDU,A02
HEDU,A04
HEDU,A05
HEDU,A06
HEDU,A07
HEDU,A10
HEDU,C01
HEDU,C02
HEDU,C03
HEDU,C04
HEDU,C05
HEDU,B01
HEDU,B02
HEDU,B09
HEDU,B08
HEDU,B12
HEDU,B13
HEDU,D03
HEDU,D01
HEDU,D02
HEDU,E01
HEDU,E04
HEDU,E08
HEDU,E10
HEDU,F13
HEDU,F03
HEDU,F04
HEDU,F05
HEDU,F06
HEDU,F07
HEDU,F09
HEDU,F10
HEDU,F11
HEDU,N00
HEDU,A09
HEDU,N01
HEDU,N02
HEDU,N03
HEDU,N04
HEDU,N05
HEDU,N06
HEDU,N07
HEDU,H01
HEDU,H02
HEDU,H03
HEDU,H04
HEDU,W04
HEDU,Q01
HEDU,Q02
HEDU,Q03
HEDU,Q04
HEDU,Q05
HEDU,Q12
HEDU,Q13
HEDU,Q09
HEDU,Q14
HEDU,Q15
HEDU,Q08
HEDU,Q11
HEDU,K01
HEDU,K02
HEDU,P05
HEDU,P04
HEDU,P01
HEDU,P02
HEDU,P03
HEDU,N15
HEDU,N13
HEDU,N14
HEDU,N16
HEDU,M01
HEDU,M02
HEDU,M03
HEDU,M04
HEDU,M05
HEDU,N08
HEDU,W06
HEDU,W03
HEDU,W02
HEDU,W05
HEDU,Q16
HENE,A01
HENE,A02
HENE,A04
HENE,A05
HENE,A06
HENE,A07
HENE,A10
HENE,C01
HENE,C02
HENE,C03
HENE,C04
HENE,C05
HENE,B01
HENE,B02
HENE,B09
HENE,B08
HENE,B12
HENE,B13
HENE,D03
HENE,D01
HENE,D02
HENE,E01
HENE,E04
HENE,E08
HENE,E10
HENE,F13
HENE,F03
HENE,F04
HENE,F05
HENE,F06
HENE,F07
HENE,F09
HENE,F10
HENE,F11
HENE,N00
HENE,A09
HENE,N01
HENE,N02
HENE,N03
HENE,N04
HENE,N05
HENE,N06
HENE,N07
HENE,H01
HENE,H02
HENE,H03
HENE,H04
HENE,W04
HENE,Q01
HENE,Q02
HENE,Q03
HENE,Q04
HENE,Q05
HENE,Q12
HENE,Q13
HENE,Q09
HENE,Q14
HENE,Q15
HENE,Q08
HENE,Q11
HENE,K01
HENE,K02
HENE,P05
HENE,P04
HENE,P01
HENE,P02
HENE,P03
HENE,N15
HENE,N13
HENE,N14
HENE,N16
HENE,M01
HENE,M02
HENE,M03
HENE,M04
HENE,M05
HENE,N08
HENE,W06
HENE,W03
HENE,W02
HENE,W05
HENE,Q16
HFIN,A01
HFIN,A02
HFIN,A04
HFIN,A05
HFIN,A06
HFIN,A07
HFIN,A10
HFIN,C01
HFIN,C02
HFIN,C03
HFIN,C04
HFIN,C05
HFIN,B01
HFIN,B02
HFIN,B09
HFIN,B08
HFIN,B12
HFIN,B13
HFIN,D03
HFIN,D01
HFIN,D02
HFIN,E01
HFIN,E04
HFIN,E08
HFIN,E10
HFIN,F13
HFIN,F03
HFIN,F04
HFIN,F05
HFIN,F06
HFIN,F07
HFIN,F09
HFIN,F10
HFIN,F11
HFIN,N00
HFIN,A09
HFIN,N01
HFIN,N02
HFIN,N03
HFIN,N04
HFIN,N05
HFIN,N06
HFIN,N07
HFIN,H01
HFIN,H02
HFIN,H03
HFIN,H04
HFIN,W04
HFIN,Q01
HFIN,Q02
HFIN,Q03
HFIN,Q04
HFIN,Q05
HFIN,Q12
HFIN,Q13
HFIN,Q09
HFIN,Q14
HFIN,Q15
HFIN,Q08
HFIN,Q11
HFIN,K01
HFIN,K02
HFIN,P05
HFIN,P04
HFIN,P01
HFIN,P02
HFIN,P03
HFIN,N15
HFIN,N13
HFIN,N14
HFIN,N16
HFIN,M01
HFIN,M02
HFIN,M03
HFIN,M04
HFIN,M05
HFIN,N08
HFIN,W06
HFIN,W03
HFIN,W02
HFIN,W05
HFIN,Q16
HGOV,A01
HGOV,A02
HGOV,A04
HGOV,A05
HGOV,A06
HGOV,A07
HGOV,A10
HGOV,C01
HGOV,C02
HGOV,C03
HGOV,C04
HGOV,C05
HGOV,B01
HGOV,B02
HGOV,B09
HGOV,B08
HGOV,B12
HGOV,B13
HGOV,D03
HGOV,D01
HGOV,D02
HGOV,E01
HGOV,E04
HGOV,E08
HGOV,E10
HGOV,F13
HGOV,F03
HGOV,F04
HGOV,F05
HGOV,F06
HGOV,F07
HGOV,F09
HGOV,F10
HGOV,F11
HGOV,N00
HGOV,A09
HGOV,N01
HGOV,N02
HGOV,N03
HGOV,N04
HGOV,N05
HGOV,N06
HGOV,N07
HGOV,H01
HGOV,H02
HGOV,H03
HGOV,H04
HGOV,W04
HGOV,Q01
HGOV,Q02
HGOV,Q03
HGOV,Q04
HGOV,Q05
HGOV,Q13
HGOV,Q09
HGOV,Q14
HGOV,Q15
HGOV,Q08
HGOV,Q11
HGOV,K01
HGOV,K02
HGOV,P05
HGOV,P04
HGOV,P01
HGOV,P02
HGOV,P03
HGOV,N15
HGOV,N13
HGOV,N14
HGOV,N16
HGOV,M01
HGOV,M02
HGOV,M03
HGOV,M04
HGOV,M05
HGOV,N08
HGOV,W06
HGOV,W03
HGOV,W02
HGOV,W05
HGOV,Q16
HHSC,A01
HHSC,A02
HHSC,A04
HHSC,A05
HHSC,A06
HHSC,A07
HHSC,A10
HHSC,C01
HHSC,C02
HHSC,C03
HHSC,C04
HHSC,C05
HHSC,B01
HHSC,B02
HHSC,B09
HHSC,B08
HHSC,B12
HHSC,B13
HHSC,D03
HHSC,D01
HHSC,D02
HHSC,E01
HHSC,E04
HHSC,E08
HHSC,E10
HHSC,F13
HHSC,F03
HHSC,F04
HHSC,F05
HHSC,F06
HHSC,F07
HHSC,F09
HHSC,F10
HHSC,F11
HHSC,N00
HHSC,A09
HHSC,N01
HHSC,N02
HHSC,N03
HHSC,N04
HHSC,N05
HHSC,N06
HHSC,N07
HHSC,H01
HHSC,H02
HHSC,H03
HHSC,H04
HHSC,W04
HHSC,Q01
HHSC,Q02
HHSC,Q03
HHSC,Q04
HHSC,Q05
HHSC,Q13
HHSC,Q09
HHSC,Q14
HHSC,Q15
HHSC,Q08
HHSC,Q11
HHSC,K01
HHSC,K02
HHSC,P05
HHSC,P04
HHSC,P01
HHSC,P02
HHSC,P03
HHSC,N15
HHSC,N13
HHSC,N14
HHSC,N16
HHSC,M01
HHSC,M02
HHSC,M03
HHSC,M04
HHSC,M05
HHSC,N08
HHSC,W06
HHSC,W03
HHSC,W02
HHSC,W05
HHSC,Q16
HINT,A01
HINT,A02
HINT,A04
HINT,A05
HINT,A06
HINT,A07
HINT,A10
HINT,C01
HINT,C02
HINT,C03
HINT,C04
HINT,C05
HINT,B01
HINT,B02
HINT,B09
HINT,B08
HINT,B12
HINT,B13
HINT,D03
HINT,D01
HINT,D02
HINT,E01
HINT,E04
HINT,E08
HINT,E10
HINT,F13
HINT,F03
HINT,F04
HINT,F05
HINT,F06
HINT,F07
HINT,F09
HINT,F10
HINT,F11
HINT,N00
HINT,A09
HINT,N01
HINT,N02
HINT,N03
HINT,N04
HINT,N05
HINT,N06
HINT,N07
HINT,H01
HINT,H02
HINT,H03
HINT,H04
HINT,W04
HINT,Q01
HINT,Q02
HINT,Q03
HINT,Q04
HINT,Q05
HINT,Q13
HINT,Q09
HINT,Q14
HINT,Q15
HINT,Q08
HINT,Q11
HINT,K01
HINT,K02
HINT,P05
HINT,P04
HINT,P01
HINT,P02
HINT,P03
HINT,N15
HINT,N13
HINT,N14
HINT,N16
HINT,M01
HINT,M02
HINT,M03
HINT,M04
HINT,M05
HINT,N08
HINT,W06
HINT,W03
HINT,W02
HINT,W05
HINT,Q16
HJUD,A01
HJUD,A02
HJUD,A04
HJUD,A05
HJUD,A06
HJUD,A07
HJUD,A10
HJUD,C01
HJUD,C02
HJUD,C03
HJUD,C04
HJUD,C05
HJUD,B01
HJUD,B02
HJUD,B09
HJUD,B08
HJUD,B12
HJUD,B13
HJUD,D03
HJUD,D01
HJUD,D02
HJUD,E01
HJUD,E04
HJUD,E08
HJUD,E10
HJUD,F13
HJUD,F03
HJUD,F04
HJUD,F05
HJUD,F06
HJUD,F07
HJUD,F09
HJUD,F10
HJUD,F11
HJUD,N00
HJUD,A09
HJUD,N01
HJUD,N02
HJUD,N03
HJUD,N04
HJUD,N05
HJUD,N06
HJUD,N07
HJUD,H01
HJUD,H02
HJUD,H03
HJUD,H04
HJUD,W04
HJUD,Q01
HJUD,Q02
HJUD,Q03
HJUD,Q04
HJUD,Q05
HJUD,Q13
HJUD,Q09
HJUD,Q14
HJUD,Q15
HJUD,Q08
HJUD,Q11
HJUD,K01
HJUD,K02
HJUD,P05
HJUD,P04
HJUD,P01
HJUD,P02
HJUD,P03
HJUD,N15
HJUD,N13
HJUD,N14
HJUD,N16
HJUD,M01
HJUD,M02
HJUD,M03
HJUD,M04
HJUD,M05
HJUD,N08
HJUD,W06
HJUD,W03
HJUD,W02
HJUD,W05
HJUD,Q16
HRES,A01
HRES,A02
HRES,A04
HRES,A05
HRES,A06
HRES,A07
HRES,A10
HRES,C01
HRES,C02
HRES,C03
HRES,C04
HRES,C05
HRES,B01
HRES,B02
HRES,B09
HRES,B08
HRES,B12
HRES,B13
HRES,D03
HRES,D01
HRES,D02
HRES,E01
HRES,E04
HRES,E08
HRES,E10
HRES,F13
HRES,F03
HRES,F04
HRES,F05
HRES,F06
HRES,F07
HRES,F09
HRES,F10
HRES,F11
HRES,N00
HRES,A09
HRES,N01
HRES,N02
HRES,N03
HRES,N04
HRES,N05
HRES,N06
HRES,N07
HRES,H01
HRES,H02
HRES,H03
HRES,H04
HRES,W04
HRES,Q01
HRES,Q02
HRES,Q03
HRES,Q04
HRES,Q05
HRES,Q13
HRES,Q09
HRES,Q14
HRES,Q15
HRES,Q08
HRES,Q11
HRES,K01
HRES,K02
HRES,P05
HRES,P04
HRES,P01
HRES,P02
HRES,P03
HRES,N15
HRES,N13
HRES,N14
HRES,N16
HRES,M01
HRES,M02
HRES,M03
HRES,M04
HRES,M05
HRES,N08
HRES,W06
HRES,W03
HRES,W02
HRES,W05
HRES,Q16
HRUL,A01
HRUL,A02
HRUL,A04
HRUL,A05
HRUL,A06
HRUL,A07
HRUL,A10
HRUL,C01
HRUL,C02
HRUL,C03
HRUL,C04
HRUL,C05
HRUL,B01
HRUL,B02
HRUL,B09
HRUL,B08
HRUL,B12
HRUL,B13
HRUL,D03
HRUL,D01
HRUL,D02
HRUL,E01
HRUL,E04
HRUL,E08
HRUL,E10
HRUL,F13
HRUL,F03
HRUL,F04
HRUL,F05
HRUL,F06
HRUL,F07
HRUL,F09
HRUL,F10
HRUL,F11
HRUL,N00
HRUL,A09
HRUL,N01
HRUL,N02
HRUL,N03
HRUL,N04
HRUL,N05
HRUL,N06
HRUL,N07
HRUL,H01
HRUL,H02
HRUL,H03
HRUL,H04
HRUL,W04
HRUL,Q01
HRUL,Q02
HRUL,Q03
HRUL,Q04
HRUL,Q05
HRUL,Q13
HRUL,Q09
HRUL,Q14
HRUL,Q15
HRUL,Q08
HRUL,Q11
HRUL,K01
HRUL,K02
HRUL,P05
HRUL,P04
HRUL,P01
HRUL,P02
HRUL,P03
HRUL,N15
HRUL,N13
HRUL,N14
HRUL,N16
HRUL,M01
HRUL,M02
HRUL,M03
HRUL,M04
HRUL,M05
HRUL,N08
HRUL,W06
HRUL,W03
HRUL,W02
HRUL,W05
HRUL,Q16
HSCI,A01
HSCI,A02
HSCI,A04
HSCI,A05
HSCI,A06
HSCI,A07
HSCI,A10
HSCI,C01
HSCI,C02
HSCI,C03
HSCI,C04
HSCI,C05
HSCI,B01
HSCI,B02
HSCI,B09
HSCI,B08
HSCI,B12
HSCI,B13
HSCI,D03
HSCI,D01
HSCI,D02
HSCI,E01
HSCI,E04
HSCI,E08
HSCI,E10
HSCI,F13
HSCI,F03
HSCI,F04
HSCI,F05
HSCI,F06
HSCI,F07
HSCI,F09
HSCI,F10
HSCI,F11
HSCI,N00
HSCI,A09
HSCI,N01
HSCI,N02
HSCI,N03
HSCI,N04
HSCI,N05
HSCI,N06
HSCI,N07
HSCI,H01
HSCI,H02
HSCI,H03
HSCI,H04
HSCI,W04
HSCI,Q01
HSCI,Q02
HSCI,Q03
HSCI,Q04
HSCI,Q05
HSCI,Q12
HSCI,Q13
HSCI,Q09
HSCI,Q14
HSCI,Q15
HSCI,Q08
HSCI,Q11
HSCI,K01
HSCI,K02
HSCI,P05
HSCI,P04
HSCI,P01
HSCI,P02
HSCI,P03
HSCI,N15
HSCI,N13
HSCI,N14
HSCI,N16
HSCI,M01
HSCI,M02
HSCI,M03
HSCI,M04
HSCI,M05
HSCI,N08
HSCI,W06
HSCI,W03
HSCI,W02
HSCI,W05
HSCI,Q16
HSMA,A01
HSMA,A02
HSMA,A04
HSMA,A05
HSMA,A06
HSMA,A07
HSMA,A10
HSMA,C01
HSMA,C02
HSMA,C03
HSMA,C04
HSMA,C05
HSMA,B01
HSMA,B02
HSMA,B09
HSMA,B08
HSMA,B12
HSMA,B13
HSMA,D03
HSMA,D01
HSMA,D02
HSMA,E01
HSMA,E04
HSMA,E08
HSMA,E10
HSMA,F13
HSMA,F03
HSMA,F04
HSMA,F05
HSMA,F06
HSMA,F07
HSMA,F09
HSMA,F10
HSMA,F11
HSMA,N00
HSMA,A09
HSMA,N01
HSMA,N02
HSMA,N03
HSMA,N04
HSMA,N05
HSMA,N06
HSMA,N07
HSMA,H01
HSMA,H02
HSMA,H03
HSMA,H04
HSMA,W04
HSMA,Q01
HSMA,Q02
HSMA,Q03
HSMA,Q04
HSMA,Q05
HSMA,Q13
HSMA,Q09
HSMA,Q14
HSMA,Q15
HSMA,Q08
HSMA,Q11
HSMA,K01
HSMA,K02
HSMA,P05
HSMA,P04
HSMA,P01
HSMA,P02
HSMA,P03
HSMA,N15
HSMA,N13
HSMA,N14
HSMA,N16
HSMA,M01
HSMA,M02
HSMA,M03
HSMA,M04
HSMA,M05
HSMA,N08
HSMA,W06
HSMA,W03
HSMA,W02
HSMA,W05
HSMA,Q16
HTRA,A01
HTRA,A02
HTRA,A04
HTRA,A05
HTRA,A06
HTRA,A07
HTRA,A10
HTRA,C01
HTRA,C02
HTRA,C03
HTRA,C04
HTRA,C05
HTRA,B01
HTRA,B02
HTRA,B09
HTRA,B08
HTRA,B12
HTRA,B13
HTRA,D03
HTRA,D01
HTRA,D02
HTRA,E01
HTRA,E04
HTRA,E08
HTRA,E10
HTRA,F13
HTRA,F03
HTRA,F04
HTRA,F05
HTRA,F06
HTRA,F07
HTRA,F09
HTRA,F10
HTRA,F11
HTRA,N00
HTRA,A09
HTRA,N01
HTRA,N02
HTRA,N03
HTRA,N04
HTRA,N05
HTRA,N06
HTRA,N07
HTRA,H01
HTRA,H02
HTRA,H03
HTRA,H04
HTRA,W04
HTRA,Q01
HTRA,Q02
HTRA,Q03
HTRA,Q04
HTRA,Q05
HTRA,Q12
HTRA,Q13
HTRA,Q09
HTRA,Q14
HTRA,Q15
HTRA,Q08
HTRA,Q11
HTRA,K01
HTRA,K02
HTRA,P05
HTRA,P04
HTRA,P01
HTRA,P02
HTRA,P03
HTRA,N15
HTRA,N13
HTRA,N14
HTRA,N16
HTRA,M01
HTRA,M02
HTRA,M03
HTRA,M04
HTRA,M05
HTRA,N08
HTRA,W06
HTRA,W03
HTRA,W02
HTRA,W05
HTRA,Q16
HVET,A01
HVET,A02
HVET,A04
HVET,A05
HVET,A06
HVET,A07
HVET,A10
HVET,C01
HVET,C02
HVET,C03
HVET,C04
HVET,C05
HVET,B01
HVET,B02
HVET,B09
HVET,B08
HVET,B12
HVET,B13
HVET,D03
HVET,D01
HVET,D02
HVET,E01
HVET,E04
HVET,E08
HVET,E10
HVET,F13
HVET,F03
HVET,F04
HVET,F05
HVET,F06
HVET,F07
HVET,F09
HVET,F10
HVET,F11
HVET,N00
HVET,A09
HVET,N01
HVET,N02
HVET,N03
HVET,N04
HVET,N05
HVET,N06
HVET,N07
HVET,H01
HVET,H02
HVET,H03
HVET,H04
HVET,W04
HVET,Q01
HVET,Q02
HVET,Q03
HVET,Q04
HVET,Q05
HVET,Q12
HVET,Q13
HVET,Q09
HVET,Q14
HVET,Q15
HVET,Q08
HVET,Q11
HVET,K01
HVET,K02
HVET,P05
HVET,P04
HVET,P01
HVET,P02
HVET,P03
HVET,N15
HVET,N13
HVET,N14
HVET,N16
HVET,M01
HVET,M02
HVET,M03
HVET,M04
HVET,M05
HVET,N08
HVET,W06
HVET,W03
HVET,W02
HVET,W05
HVET,Q16
HWAY,A01
HWAY,A02
HWAY,A04
HWAY,A05
HWAY,A06
HWAY,A07
HWAY,A10
HWAY,C01
HWAY,C02
HWAY,C03
HWAY,C04
HWAY,C05
HWAY,B01
HWAY,B02
HWAY,B09
HWAY,B08
HWAY,B12
HWAY,B13
HWAY,D03
HWAY,D01
HWAY,D02
HWAY,E01
HWAY,E04
HWAY,E08
HWAY,E10
HWAY,F13
HWAY,F03
HWAY,F04
HWAY,F05
HWAY,F06
HWAY,F07
HWAY,F09
HWAY,F10
HWAY,F11
HWAY,N00
HWAY,A09
HWAY,N01
HWAY,N02
HWAY,N03
HWAY,N04
HWAY,N05
HWAY,N06
HWAY,N07
HWAY,H01
HWAY,H02
HWAY,H03
HWAY,H04
HWAY,W04
HWAY,Q01
HWAY,Q02
HWAY,Q03
HWAY,Q04
HWAY,Q05
HWAY,Q13
HWAY,Q09
HWAY,Q14
HWAY,Q15
HWAY,Q08
HWAY,Q11
HWAY,K01
HWAY,K02
HWAY,P05
HWAY,P04
HWAY,P01
HWAY,P02
HWAY,P03
HWAY,N15
HWAY,N13
HWAY,N14
HWAY,N16
HWAY,M01
HWAY,M02
HWAY,M03
HWAY,M04
HWAY,M05
HWAY,N08
HWAY,W06
HWAY,W03
HWAY,W02
HWAY,W05
HWAY,Q16
SAGR,A01
SAGR,A02
SAGR,A04
SAGR,A05
SAGR,A06
SAGR,A07
SAGR,A10
SAGR,C01
SAGR,C02
SAGR,C03
SAGR,C04
SAGR,C05
SAGR,B01
SAGR,B02
SAGR,B09
SAGR,B08
SAGR,B12
SAGR,B13
SAGR,D03
SAGR,D01
SAGR,D02
SAGR,E01
SAGR,E04
SAGR,E08
SAGR,E10
SAGR,F13
SAGR,F03
SAGR,F04
SAGR,F05
SAGR,F06
SAGR,F07
SAGR,F09
SAGR,F10
SAGR,F11
SAGR,N00
SAGR,A09
SAGR,N01
SAGR,N02
SAGR,N03
SAGR,N04
SAGR,N05
SAGR,N06
SAGR,N07
SAGR,H01
SAGR,H02
SAGR,H03
SAGR,H04
SAGR,W04
SAGR,Q01
SAGR,Q02
SAGR,Q03
SAGR,Q04
SAGR,Q05
SAGR,Q12
SAGR,Q13
SAGR,Q09
SAGR,Q14
SAGR,Q15
SAGR,Q08
SAGR,Q11
SAGR,K01
SAGR,K02
SAGR,P05
SAGR,P04
SAGR,P01
SAGR,P02
SAGR,P03
SAGR,N15
SAGR,N13
SAGR,N14
SAGR,N16
SAGR,M01
SAGR,M02
SAGR,M03
SAGR,M04
SAGR,M05
SAGR,N08
SAGR,W06
SAGR,W03
SAGR,W02
SAGR,W05
SAGR,Q16
SAPP,A01
SAPP,A02
SAPP,A04
SAPP,A05
SAPP,A06
SAPP,A07
SAPP,A10
SAPP,C01
SAPP,C02
SAPP,C03
SAPP,C04
SAPP,C05
SAPP,B01
SAPP,B02
SAPP,B09
SAPP,B08
SAPP,B12
SAPP,B13
SAPP,D03
SAPP,D01
SAPP,D02
SAPP,E01
SAPP,E04
SAPP,E08
SAPP,E10
SAPP,F13
SAPP,F03
SAPP,F04
SAPP,F05
SAPP,F06
SAPP,F07
SAPP,F09
SAPP,F10
SAPP,F11
SAPP,N00
SAPP,A09
SAPP,N01
SAPP,N02
SAPP,N03
SAPP,N04
SAPP,N05
SAPP,N06
SAPP,N07
SAPP,H01
SAPP,H02
SAPP,H03
SAPP,H04
SAPP,W04
SAPP,Q01
SAPP,Q02
SAPP,Q03
SAPP,Q04
SAPP,Q05
SAPP,Q13
SAPP,Q09
SAPP,Q14
SAPP,Q15
SAPP,Q08
SAPP,Q11
SAPP,K01
SAPP,K02
SAPP,P05
SAPP,P04
SAPP,P01
SAPP,P02
SAPP,P03
SAPP,N15
SAPP,N13
SAPP,N14
SAPP,N16
SAPP,M01
SAPP,M02
SAPP,M03
SAPP,M04
SAPP,M05
SAPP,N08
SAPP,W06
SAPP,W03
SAPP,W02
SAPP,W05
SAPP,Q16
SARM,A01
SARM,A02
SARM,A04
SARM,A05
SARM,A06
SARM,A07
SARM,A10
SARM,C01
SARM,C02
SARM,C03
SARM,C04
SARM,C05
SARM,B01
SARM,B02
SARM,B09
SARM,B08
SARM,B12
SARM,B13
SARM,D03
SARM,D01
SARM,D02
SARM,E01
SARM,E04
SARM,E08
SARM,E10
SARM,F13
SARM,F03
SARM,F04
SARM,F05
SARM,F06
SARM,F07
SARM,F09
SARM,F10
SARM,F11
SARM,N00
SARM,A09
SARM,N01
SARM,N02
SARM,N03
SARM,N04
SARM,N05
SARM,N06
SARM,N07
SARM,H01
SARM,H02
SARM,H03
SARM,H04
SARM,W04
SARM,Q01
SARM,Q02
SARM,Q03
SARM,Q04
SARM,Q05
SARM,Q12
SARM,Q13
SARM,Q09
SARM,Q14
SARM,Q15
SARM,Q08
SARM,Q11
SARM,K01
SARM,K02
SARM,P05
SARM,P04
SARM,P01
SARM,P02
SARM,P03
SARM,N15
SARM,N13
SARM,N14
SARM,N16
SARM,M01
SARM,M02
SARM,M03
SARM,M04
SARM,M05
SARM,N08
SARM,W06
SARM,W03
SARM,W02
SARM,W05
SARM,Q16
SBAN,A01
SBAN,A02
SBAN,A04
SBAN,A05
SBAN,A06
SBAN,A07
SBAN,A10
SBAN,C01
SBAN,C02
SBAN,C03
SBAN,C04
SBAN,C05
SBAN,B01
SBAN,B02
SBAN,B09
SBAN,B08
SBAN,B12
SBAN,B13
SBAN,D03
SBAN,D01
SBAN,D02
SBAN,E01
SBAN,E04
SBAN,E08
SBAN,E10
SBAN,F13
SBAN,F03
SBAN,F04
SBAN,F05
SBAN,F06
SBAN,F07
SBAN,F09
SBAN,F10
SBAN,F11
SBAN,N00
SBAN,A09
SBAN,N01
SBAN,N02
SBAN,N03
SBAN,N04
SBAN,N05
SBAN,N06
SBAN,N07
SBAN,H01
SBAN,H02
SBAN,H03
SBAN,H04
SBAN,W04
SBAN,Q01
SBAN,Q02
SBAN,Q03
SBAN,Q04
SBAN,Q05
SBAN,Q13
SBAN,Q09
SBAN,Q14
SBAN,Q15
SBAN,Q08
SBAN,Q11
SBAN,K01
SBAN,K02
SBAN,P05
SBAN,P04
SBAN,P01
SBAN,P02
SBAN,P03
SBAN,N15
SBAN,N13
SBAN,N14
SBAN,N16
SBAN,M01
SBAN,M02
SBAN,M03
SBAN,M04
SBAN,M05
SBAN,N08
SBAN,W06
SBAN,W03
SBAN,W02
SBAN,W05
SBAN,Q16
SBUD,A01
SBUD,A02
SBUD,A04
SBUD,A05
SBUD,A06
SBUD,A07
SBUD,A10
SBUD,C01
SBUD,C02
SBUD,C03
SBUD,C04
SBUD,C05
SBUD,B01
SBUD,B02
SBUD,B09
SBUD,B08
SBUD,B12
SBUD,B13
SBUD,D03
SBUD,D01
SBUD,D02
SBUD,E01
SBUD,E04
SBUD,E08
SBUD,E10
SBUD,F13
SBUD,F03
SBUD,F04
SBUD,F05
SBUD,F06
SBUD,F07
SBUD,F09
SBUD,F10
SBUD,F11
SBUD,N00
SBUD,A09
SBUD,N01
SBUD,N02
SBUD,N03
SBUD,N04
SBUD,N05
SBUD,N06
SBUD,N07
SBUD,H01
SBUD,H02
SBUD,H03
SBUD,H04
SBUD,W04
SBUD,Q01
SBUD,Q02
SBUD,Q03
SBUD,Q04
SBUD,Q05
SBUD,Q12
SBUD,Q13
SBUD,Q09
SBUD,Q14
SBUD,Q15
SBUD,Q08
SBUD,Q11
SBUD,K01
SBUD,K02
SBUD,P05
SBUD,P04
SBUD,P01
SBUD,P02
SBUD,P03
SBUD,N15
SBUD,N13
SBUD,N14
SBUD,N16
SBUD,M01
SBUD,M02
SBUD,M03
SBUD,M04
SBUD,M05
SBUD,N08
SBUD,W06
SBUD,W03
SBUD,W02
SBUD,W05
SBUD,Q16
SCOM,A01
SCOM,A02
SCOM,A04
SCOM,A05
SCOM,A06
SCOM,A07
SCOM,A10
SCOM,C01
SCOM,C02
SCOM,C03
SCOM,C04
SCOM,C05
SCOM,B01
SCOM,B02
SCOM,B09
SCOM,B08
SCOM,B12
SCOM,B13
SCOM,D03
SCOM,D01
SCOM,D02
SCOM,E01
SCOM,E04
SCOM,E08
SCOM,E10
SCOM,F13
SCOM,F03
SCOM,F04
SCOM,F05
SCOM,F06
SCOM,F07
SCOM,F09
SCOM,F10
SCOM,F11
SCOM,N00
SCOM,A09
SCOM,N01
SCOM,N02
SCOM,N03
SCOM,N04
SCOM,N05
SCOM,N06
SCOM,N07
SCOM,H01
SCOM,H02
SCOM,H03
SCOM,H04
SCOM,W04
SCOM,Q01
SCOM,Q02
SCOM,Q03
SCOM,Q04
SCOM,Q05
SCOM,Q12
SCOM,Q13
SCOM,Q09
SCOM,Q14
SCOM,Q15
SCOM,Q08
SCOM,Q11
SCOM,K01
SCOM,K02
SCOM,P05
SCOM,P04
SCOM,P01
SCOM,P02
SCOM,P03
SCOM,N15
SCOM,N13
SCOM,N14
SCOM,N16
SCOM,M01
SCOM,M02
SCOM,M03
SCOM,M04
SCOM,M05
SCOM,N08
SCOM,W06
SCOM,W03
SCOM,W02
SCOM,W05
SCOM,Q16
SENE,A01
SENE,A02
SENE,A04
SENE,A05
SENE,A06
SENE,A07
SENE,A10
SENE,C01
SENE,C02
SENE,C03
SENE,C04
SENE,C05
SENE,B01
SENE,B02
SENE,B09
SENE,B08
SENE,B12
SENE,B13
SENE,D03
SENE,D01
SENE,D02
SENE,E01
SENE,E04
SENE,E08
SENE,E10
SENE,F13
SENE,F03
SENE,F04
SENE,F05
SENE,F06
SENE,F07
SENE,F09
SENE,F10
SENE,F11
SENE,N00
SENE,A09
SENE,N01
SENE,N02
SENE,N03
SENE,N04
SENE,N05
SENE,N06
SENE,N07
SENE,H01
SENE,H02
SENE,H03
SENE,H04
SENE,W04
SENE,Q01
SENE,Q02
SENE,Q03
SENE,Q04
SENE,Q05
SENE,Q12
SENE,Q13
SENE,Q09
SENE,Q14
SENE,Q15
SENE,Q08
SENE,Q11
SENE,K01
SENE,K02
SENE,P05
SENE,P04
SENE,P01
SENE,P02
SENE,P03
SENE,N15
SENE,N13
SENE,N14
SENE,N16
SENE,M01
SENE,M02
SENE,M03
SENE,M04
SENE,M05
SENE,N08
SENE,W06
SENE,W03
SENE,W02
SENE,W05
SENE,Q16
SENV,A01
SENV,A02
SENV,A04
SENV,A05
SENV,A06
SENV,A07
SENV,A10
SENV,C01
SENV,C02
SENV,C03
SENV,C04
SENV,C05
SENV,B01
SENV,B02
SENV,B09
SENV,B08
SENV,B12
SENV,B13
SENV,D03
SENV,D01
SENV,D02
SENV,E01
SENV,E04
SENV,E08
SENV,E10
SENV,F13
SENV,F03
SENV,F04
SENV,F05
SENV,F06
SENV,F07
SENV,F09
SENV,F10
SENV,F11
SENV,N00
SENV,A09
SENV,N01
SENV,N02
SENV,N03
SENV,N04
SENV,N05
SENV,N06
SENV,N07
SENV,H01
SENV,H02
SENV,H03
SENV,H04
SENV,W04
SENV,Q01
SENV,Q02
SENV,Q03
SENV,Q04
SENV,Q05
SENV,Q12
SENV,Q13
SENV,Q09
SENV,Q14
SENV,Q15
SENV,Q08
SENV,Q11
SENV,K01
SENV,K02
SENV,P05
SENV,P04
SENV,P01
SENV,P02
SENV,P03
SENV,N15
SENV,N13
SENV,N14
SENV,N16
SENV,M01
SENV,M02
SENV,M03
SENV,M04
SENV,M05
SENV,N08
SENV,W06
SENV,W03
SENV,W02
SENV,W05
SENV,Q16
SFIN,A01
SFIN,A02
SFIN,A04
SFIN,A05
SFIN,A06
SFIN,A07
SFIN,A10
SFIN,C01
SFIN,C02
SFIN,C03
SFIN,C04
SFIN,C05
SFIN,B01
SFIN,B02
SFIN,B09
SFIN,B08
SFIN,B12
SFIN,B13
SFIN,D03
SFIN,D01
SFIN,D02
SFIN,E01
SFIN,E04
SFIN,E08
SFIN,E10
SFIN,F13
SFIN,F03
SFIN,F04
SFIN,F05
SFIN,F06
SFIN,F07
SFIN,F09
SFIN,F10
SFIN,F11
SFIN,N00
SFIN,A09
SFIN,N01
SFIN,N02
SFIN,N03
SFIN,N04
SFIN,N05
SFIN,N06
SFIN,N07
SFIN,H01
SFIN,H02
SFIN,H03
SFIN,H04
SFIN,W04
SFIN,Q01
SFIN,Q02
SFIN,Q03
SFIN,Q04
SFIN,Q05
SFIN,Q12
SFIN,Q13
SFIN,Q09
SFIN,Q14
SFIN,Q15
SFIN,Q08
SFIN,Q11
SFIN,K01
SFIN,K02
SFIN,P05
SFIN,P04
SFIN,P01
SFIN,P02
SFIN,P03
SFIN,N15
SFIN,N13
SFIN,N14
SFIN,N16
SFIN,M01
SFIN,M02
SFIN,M03
SFIN,M04
SFIN,M05
SFIN,N08
SFIN,W06
SFIN,W03
SFIN,W02
SFIN,W05
SFIN,Q16
SFOR,A01
SFOR,A02
SFOR,A04
SFOR,A05
SFOR,A06
SFOR,A07
SFOR,A10
SFOR,C01
SFOR,C02
SFOR,C03
SFOR,C04
SFOR,C05
SFOR,B01
SFOR,B02
SFOR,B09
SFOR,B08
SFOR,B12
SFOR,B13
SFOR,D03
SFOR,D01
SFOR,D02
SFOR,E01
SFOR,E04
SFOR,E08
SFOR,E10
SFOR,F13
SFOR,F03
SFOR,F04
SFOR,F05
SFOR,F06
SFOR,F07
SFOR,F09
SFOR,F10
SFOR,F11
SFOR,N00
SFOR,A09
SFOR,N01
SFOR,N02
SFOR,N03
SFOR,N04
SFOR,N05
SFOR,N06
SFOR,N07
SFOR,H01
SFOR,H02
SFOR,H03
SFOR,H04
SFOR,W04
SFOR,Q01
SFOR,Q02
SFOR,Q03
SFOR,Q04
SFOR,Q05
SFOR,Q12
SFOR,Q13
SFOR,Q09
SFOR,Q14
SFOR,Q15
SFOR,Q08
SFOR,Q11
SFOR,K01
SFOR,K02
SFOR,P05
SFOR,P04
SFOR,P01
SFOR,P02
SFOR,P03
SFOR,N15
SFOR,N13
SFOR,N14
SFOR,N16
SFOR,M01
SFOR,M02
SFOR,M03
SFOR,M04
SFOR,M05
SFOR,N08
SFOR,W06
SFOR,W03
SFOR,W02
SFOR,W05
SFOR,Q16
SGOV,A01
SGOV,A02
SGOV,A04
SGOV,A05
SGOV,A06
SGOV,A07
SGOV,A10
SGOV,C01
SGOV,C02
SGOV,C03
SGOV,C04
SGOV,C05
SGOV,B01
SGOV,B02
SGOV,B09
SGOV,B08
SGOV,B12
SGOV,B13
SGOV,D03
SGOV,D01
SGOV,D02
SGOV,E01
SGOV,E04
SGOV,E08
SGOV,E10
SGOV,F13
SGOV,F03
SGOV,F04
SGOV,F05
SGOV,F06
SGOV,F07
SGOV,F09
SGOV,F10
SGOV,F11
SGOV,N00
SGOV,A09
SGOV,N01
SGOV,N02
SGOV,N03
SGOV,N04
SGOV,N05
SGOV,N06
SGOV,N07
SGOV,H01
SGOV,H02
SGOV,H03
SGOV,H04
SGOV,W04
SGOV,Q01
SGOV,Q02
SGOV,Q03
SGOV,Q04
SGOV,Q05
SGOV,Q13
SGOV,Q09
SGOV,Q14
SGOV,Q15
SGOV,Q08
SGOV,Q11
SGOV,K01
SGOV,K02
SGOV,P05
SGOV,P04
SGOV,P01
SGOV,P02
SGOV,P03
SGOV,N15
SGOV,N13
SGOV,N14
SGOV,N16
SGOV,M01
SGOV,M02
SGOV,M03
SGOV,M04
SGOV,M05
SGOV,N08
SGOV,W06
SGOV,W03
SGOV,W02
SGOV,W05
SGOV,Q16
SIND,A01
SIND,A02
SIND,A04
SIND,A05
SIND,A06
SIND,A07
SIND,A10
SIND,C01
SIND,C02
SIND,C03
SIND,C04
SIND,C05
SIND,B01
SIND,B02
SIND,B09
SIND,B08
SIND,B12
SIND,B13
SIND,D03
SIND,D01
SIND,D02
SIND,E01
SIND,E04
SIND,E08
SIND,E10
SIND,F13
SIND,F03
SIND,F04
SIND,F05
SIND,F06
SIND,F07
SIND,F09
SIND,F10
SIND,F11
SIND,N00
SIND,A09
SIND,N01
SIND,N02
SIND,N03
SIND,N04
SIND,N05
SIND,N06
SIND,N07
SIND,H01
SIND,H02
SIND,H03
SIND,H04
SIND,W04
SIND,Q01
SIND,Q02
SIND,Q03
SIND,Q04
SIND,Q05
SIND,Q13
SIND,Q09
SIND,Q14
SIND,Q15
SIND,Q08
SIND,Q11
SIND,K01
SIND,K02
SIND,P05
SIND,P04
SIND,P01
SIND,P02
SIND,P03
SIND,N15
SIND,N13
SIND,N14
SIND,N16
SIND,M01
SIND,M02
SIND,M03
SIND,M04
SIND,M05
SIND,N08
SIND,W06
SIND,W03
SIND,W02
SIND,W05
SIND,Q16
SJUD,A01
SJUD,A02
SJUD,A04
SJUD,A05
SJUD,A06
SJUD,A07
SJUD,A10
SJUD,C01
SJUD,C02
SJUD,C03
SJUD,C04
SJUD,C05
SJUD,B01
SJUD,B02
SJUD,B09
SJUD,B08
SJUD,B12
SJUD,B13
SJUD,D03
SJUD,D01
SJUD,D02
SJUD,E01
SJUD,E04
SJUD,E08
SJUD,E10
SJUD,F13
SJUD,F03
SJUD,F04
SJUD,F05
SJUD,F06
SJUD,F07
SJUD,F09
SJUD,F10
SJUD,F11
SJUD,N00
SJUD,A09
SJUD,N01
SJUD,N02
SJUD,N03
SJUD,N04
SJUD,N05
SJUD,N06
SJUD,N07
SJUD,H01
SJUD,H02
SJUD,H03
SJUD,H04
SJUD,W04
SJUD,Q01
SJUD,Q02
SJUD,Q03
SJUD,Q04
SJUD,Q05
SJUD,Q12
SJUD,Q13
SJUD,Q09
SJUD,Q14
SJUD,Q15
SJUD,Q08
SJUD,Q11
SJUD,K01
SJUD,K02
SJUD,P05
SJUD,P04
SJUD,P01
SJUD,P02
SJUD,P03
SJUD,N15
SJUD,N13
SJUD,N14
SJUD,N16
SJUD,M01
SJUD,M02
SJUD,M03
SJUD,M04
SJUD,M05
SJUD,N08
SJUD,W06
SJUD,W03
SJUD,W02
SJUD,W05
SJUD,Q16
SLAB,A01
SLAB,A02
SLAB,A04
SLAB,A05
SLAB,A06
SLAB,A07
SLAB,A10
SLAB,C01
SLAB,C02
SLAB,C03
SLAB,C04
SLAB,C05
SLAB,B01
SLAB,B02
SLAB,B09
SLAB,B08
SLAB,B12
SLAB,B13
SLAB,D03
SLAB,D01
SLAB,D02
SLAB,E01
SLAB,E04
SLAB,E08
SLAB,E10
SLAB,F13
SLAB,F03
SLAB,F04
SLAB,F05
SLAB,F06
SLAB,F07
SLAB,F09
SLAB,F10
SLAB,F11
SLAB,N00
SLAB,A09
SLAB,N01
SLAB,N02
SLAB,N03
SLAB,N04
SLAB,N05
SLAB,N06
SLAB,N07
SLAB,H01
SLAB,H02
SLAB,H03
SLAB,H04
SLAB,W04
SLAB,Q01
SLAB,Q02
SLAB,Q03
SLAB,Q04
SLAB,Q05
SLAB,Q12
SLAB,Q13
SLAB,Q09
SLAB,Q14
SLAB,Q15
SLAB,Q08
SLAB,Q11
SLAB,K01
SLAB,K02
SLAB,P05
SLAB,P04
SLAB,P01
SLAB,P02
SLAB,P03
SLAB,N15
SLAB,N13
SLAB,N14
SLAB,N16
SLAB,M01
SLAB,M02
SLAB,M03
SLAB,M04
SLAB,M05
SLAB,N08
SLAB,W06
SLAB,W03
SLAB,W02
SLAB,W05
SLAB,Q16
SRUL,A01
SRUL,A02
SRUL,A04
SRUL,A05
SRUL,A06
SRUL,A07
SRUL,A10
SRUL,C01
SRUL,C02
SRUL,C03
SRUL,C04
SRUL,C05
SRUL,B01
SRUL,B02
SRUL,B09
SRUL,B08
SRUL,B12
SRUL,B13
SRUL,D03
SRUL,D01
SRUL,D02
SRUL,E01
SRUL,E04
SRUL,E08
SRUL,E10
SRUL,F13
SRUL,F03
SRUL,F04
SRUL,F05
SRUL,F06
SRUL,F07
SRUL,F09
SRUL,F10
SRUL,F11
SRUL,N00
SRUL,A09
SRUL,N01
SRUL,N02
SRUL,N03
SRUL,N04
SRUL,N05
SRUL,N06
SRUL,N07
SRUL,H01
SRUL,H02
SRUL,H03
SRUL,H04
SRUL,W04
SRUL,Q01
SRUL,Q02
SRUL,Q03
SRUL,Q04
SRUL,Q05
SRUL,Q12
SRUL,Q13
SRUL,Q09
SRUL,Q14
SRUL,Q15
SRUL,Q08
SRUL,Q11
SRUL,K01
SRUL,K02
SRUL,P05
SRUL,P04
SRUL,P01
SRUL,P02
SRUL,P03
SRUL,N15
SRUL,N13
SRUL,N14
SRUL,N16
SRUL,M01
SRUL,M02
SRUL,M03
SRUL,M04
SRUL,M05
SRUL,N08
SRUL,W06
SRUL,W03
SRUL,W02
SRUL,W05
SRUL,Q16
SSMA,A01
SSMA,A02
SSMA,A04
SSMA,A05
SSMA,A06
SSMA,A07
SSMA,A10
SSMA,C01
SSMA,C02
SSMA,C03
SSMA,C04
SSMA,C05
SSMA,B01
SSMA,B02
SSMA,B09
SSMA,B08
SSMA,B12
SSMA,B13
SSMA,D03
SSMA,D01
SSMA,D02
SSMA,E01
SSMA,E04
SSMA,E08
SSMA,E10
SSMA,F13
SSMA,F03
SSMA,F04
SSMA,F05
SSMA,F06
SSMA,F07
SSMA,F09
SSMA,F10
SSMA,F11
SSMA,N00
SSMA,A09
SSMA,N01
SSMA,N02
SSMA,N03
SSMA,N04
SSMA,N05
SSMA,N06
SSMA,N07
SSMA,H01
SSMA,H02
SSMA,H03
SSMA,H04
SSMA,W04
SSMA,Q01
SSMA,Q02
SSMA,Q03
SSMA,Q04
SSMA,Q05
SSMA,Q12
SSMA,Q13
SSMA,Q09
SSMA,Q14
SSMA,Q15
SSMA,Q08
SSMA,Q11
SSMA,K01
SSMA,K02
SSMA,P05
SSMA,P04
SSMA,P01
SSMA,P02
SSMA,P03
SSMA,N15
SSMA,N13
SSMA,N14
SSMA,N16
SSMA,M01
SSMA,M02
SSMA,M03
SSMA,M04
SSMA,M05
SSMA,N08
SSMA,W06
SSMA,W03
SSMA,W02
SSMA,W05
SSMA,Q16
SVET,A01
SVET,A02
SVET,A04
SVET,A05
SVET,A06
SVET,A07
SVET,A10
SVET,C01
SVET,C02
SVET,C03
SVET,C04
SVET,C05
SVET,B01
SVET,B02
SVET,B09
SVET,B08
SVET,B12
SVET,B13
SVET,D03
SVET,D01
SVET,D02
SVET,E01
SVET,E04
SVET,E08
SVET,E10
SVET,F13
SVET,F03
SVET,F04
SVET,F05
SVET,F06
SVET,F07
SVET,F09
SVET,F10
SVET,F11
SVET,N00
SVET,A09
SVET,N01
SVET,N02
SVET,N03
SVET,N04
SVET,N05
SVET,N06
SVET,N07
SVET,H01
SVET,H02
SVET,H03
SVET,H04
SVET,W04
SVET,Q01
SVET,Q02
SVET,Q03
SVET,Q04
SVET,Q05
SVET,Q12
SVET,Q13
SVET,Q09
SVET,Q14
SVET,Q15
SVET,Q08
SVET,Q11
SVET,K01
SVET,K02
SVET,P05
SVET,P04
SVET,P01
SVET,P02
SVET,P03
SVET,N15
SVET,N13
SVET,N14
SVET,N16
SVET,M01
SVET,M02
SVET,M03
SVET,M04
SVET,M05
SVET,N08
SVET,W06
SVET,W03
SVET,W02
SVET,W05
SVET,Q16
